"First Name","Last Name","Password","Tel","Fax","Email","Blog","Contact","Contact Preference","Interests","CV","Birthday"
"Co","HieuTruong","tanlapa123","","","CoHieuTruong@gmail.com","","","","","",""
"Co","HieuPho","tanlapa123","","","CoHieuPho@gmail.com","","","","","",""
"Co","Thin5A5","tanlapa123","","","Thin5A5@gmail.com","","","","","",""
"Co","Hoai5A1","tanlapa123","","","Hoai5A1@gmail.com","","","","","",""
"Co","CoHoa5A4","tanlapa123","","","CoHoa5A4@gmail.com","","","","","",""